pid,lower_bound,upper_bound,actual_value,predicted_value,is_anomaly
3Y9Gx5llyC,-2.293263,0.32144028,1.1900000000000006,0.86524296,True
3Y9Gx5llyC,-1.3584734,1.2562298,0.5200000000000004,0.86524296,False
3Y9Gx5llyC,-0.34980005,2.264903,0.25000000000000006,0.86524296,False
3Y9Gx5llyC,-0.16081285,2.4538903,1.5200000000000007,0.86524296,False
3Y9Gx5llyC,-0.019024968,2.5956783,0.41999999999999915,0.86524296,False
3Y9Gx5llyC,0.08778179,2.702485,0.9199999999999993,0.86524296,False
3Y9Gx5llyC,-0.083029866,2.5316734,1.1199999999999997,0.9245569,False
3Y9Gx5llyC,-0.26760328,2.3470998,0.9100000000000001,0.97942203,False
3Y9Gx5llyC,-0.5048717,2.1098313,1.07,0.9427505,False
3Y9Gx5llyC,-0.7602756,1.8544276,0.5900000000000002,0.88326484,False
3Y9Gx5llyC,-1.005137,1.6095662,0.5000000000000001,0.91077185,False
3Y9Gx5llyC,-1.2161494,1.3985537,0.47999999999999987,0.90794635,False
3Y9Gx5llyC,-1.3790255,1.2356777,0.6800000000000004,0.9620735,False
3Y9Gx5llyC,-1.4808588,1.1338444,-0.1700000000000001,0.54475945,False
3Y9Gx5llyC,-1.5138488,1.1008544,0.6399999999999998,0.81418204,False
3Y9Gx5llyC,-1.4735069,1.1411963,-0.3899999999999998,0.31260848,False
3Y9Gx5llyC,-1.353272,1.2614312,0.05999999999999973,0.64584416,False
3Y9Gx5llyC,-1.1531188,1.4615843,0.14999999999999983,0.494106,False
3Y9Gx5llyC,-0.8740333,1.74067,0.25000000000000006,0.81637484,False
3Y9Gx5llyC,-0.51923865,2.0954645,0.7400000000000001,0.75299484,False
3Y9Gx5llyC,-0.097738385,2.516965,1.1500000000000001,0.82920945,False
3Y9Gx5llyC,0.38677692,3.00148,1.6700000000000004,1.2641641,False
3Y9Gx5llyC,0.9235914,3.5382946,2.34,1.6159817,False
3Y9Gx5llyC,1.504514,4.119217,2.21,1.7673873,False
3Y9Gx5llyC,2.1157649,4.730468,2.9799999999999986,2.2387753,False
3Y9Gx5llyC,2.7397833,5.3544865,3.44,2.713529,False
3Y9Gx5llyC,3.3538747,5.968578,4.249999999999999,4.0059466,False
3Y9Gx5llyC,3.9367867,6.55149,4.820000000000001,5.2436585,False
3Y9Gx5llyC,4.470391,7.085094,6.24,6.541004,False
3Y9Gx5llyC,4.9413123,7.5560155,6.04,6.4695787,False
3Y9Gx5llyC,5.3455257,7.960229,6.34,6.597071,False
3Y9Gx5llyC,5.6823134,8.297016,6.315000000000002,6.587661,False
3Y9Gx5llyC,5.957623,8.572327,6.425,6.5724673,False
3Y9Gx5llyC,6.171933,8.786636,6.634999999999998,6.6384974,False
3Y9Gx5llyC,6.31919,8.933893,6.405,6.558944,False
3Y9Gx5llyC,6.3930135,9.007717,7.5550000000000015,6.90107,False
3Y9Gx5llyC,6.380331,8.995034,8.034999999999998,6.969356,False
3Y9Gx5llyC,6.2725573,8.88726,7.5249999999999995,6.8970294,False
3Y9Gx5llyC,6.058173,8.672876,7.095,6.843223,False
3Y9Gx5llyC,5.7330914,8.347795,6.614999999999999,6.72217,False
3Y9Gx5llyC,5.307959,7.9226623,6.355,6.584273,False
3Y9Gx5llyC,4.804072,7.418775,5.760000000000001,6.2469907,False
3Y9Gx5llyC,4.2560496,6.870753,5.360000000000002,5.9235907,False
3Y9Gx5llyC,3.7095218,6.324225,4.590000000000002,5.1855226,False
3Y9Gx5llyC,3.2217593,5.8364625,4.150000000000002,4.452928,False
3Y9Gx5llyC,2.8478441,5.4625473,3.7000000000000015,3.5477457,False
3Y9Gx5llyC,2.6302767,5.24498,2.379999999999999,1.8142797,True
3Y9Gx5llyC,2.5959108,5.210614,2.51,1.8045594,True
3Y9Gx5llyC,2.7506738,5.365377,4.070000000000001,3.6602118,False
3Y9Gx5llyC,3.079033,5.693736,4.640000000000001,4.574171,False
3Y9Gx5llyC,3.5227294,6.1374326,4.93,5.3419933,False
3Y9Gx5llyC,3.6978192,6.3125224,5.799999999999999,6.297365,False
3Y9Gx5llyC,3.3665648,5.981268,6.02,6.3677783,True
3Y9Gx5llyC,4.1046667,6.71937,7.04,6.799098,True
3Y9Gx5llyC,3.9801865,6.5948896,6.960000000000001,6.789895,True
3Y9Gx5llyC,3.5295486,6.144252,7.007878787878787,6.7964206,True
3Y9Gx5llyC,2.8756123,5.4903154,7.1036363636363635,6.816838,True
3Y9Gx5llyC,2.8429785,5.4576817,7.199393939393939,6.827346,True
3Y9Gx5llyC,2.3066657,4.9213686,7.295151515151514,6.839659,True
3Y9Gx5llyC,-2.3281896,0.28651357,0.5200000000000004,6.8629775,True
3Y9Gx5m31G,-0.6156528,2.7463863,2.21,3.5936294,False
3Y9Gx5m31G,0.07603729,3.4380765,2.860000000000001,3.5936294,False
3Y9Gx5m31G,2.146183,5.508222,3.01,3.5936294,False
3Y9Gx5m31G,1.9892173,5.3512564,2.8000000000000003,3.5936294,False
3Y9Gx5m31G,2.1361084,5.4981475,2.84,3.5936294,False
3Y9Gx5m31G,2.2516062,5.6136456,3.2100000000000004,3.5936294,False
3Y9Gx5m31G,2.4453146,5.807354,3.4800000000000004,3.6857529,False
3Y9Gx5m31G,2.4763653,5.8384047,3.5699999999999985,3.7957869,False
3Y9Gx5m31G,2.487499,5.849538,3.85,4.0612073,False
3Y9Gx5m31G,2.5154736,5.877513,4.28,4.3160396,False
3Y9Gx5m31G,2.5809557,5.942995,5.010000000000001,4.767622,False
3Y9Gx5m31G,2.6931999,6.0552387,4.6800000000000015,4.460862,False
3Y9Gx5m31G,2.8584502,6.2204895,4.730000000000001,4.5606103,False
3Y9Gx5m31G,3.081416,6.4434547,5.199999999999999,4.9965754,False
3Y9Gx5m31G,3.358125,6.7201643,5.3500000000000005,4.9459815,False
3Y9Gx5m31G,3.679261,7.0413,5.02,4.535983,False
3Y9Gx5m31G,4.041378,7.4034176,5.290000000000002,4.921995,False
3Y9Gx5m31G,4.4480066,7.8100452,6.020000000000001,5.4820943,False
3Y9Gx5m31G,4.8990955,8.261135,6.510000000000001,5.773597,False
3Y9Gx5m31G,5.394471,8.756511,6.809999999999999,6.556643,False
3Y9Gx5m31G,5.936496,9.298534,6.84,7.1636863,False
3Y9Gx5m31G,6.5255566,9.887596,7.43,8.345518,False
3Y9Gx5m31G,7.1519833,10.514023,8.46,9.421862,False
3Y9Gx5m31G,7.7952356,11.157275,8.760000000000002,9.697707,False
3Y9Gx5m31G,8.43682,11.79886,9.8,10.921228,False
3Y9Gx5m31G,9.06351,12.4255495,11.25,11.611876,False
3Y9Gx5m31G,9.656387,13.018427,11.829999999999998,11.76712,False
3Y9Gx5m31G,10.194875,13.556914,11.65,11.7994175,False
3Y9Gx5m31G,10.671261,14.0333,12.05,11.916474,False
3Y9Gx5m31G,11.081551,14.44359,12.520000000000001,11.9203005,False
3Y9Gx5m31G,11.418487,14.780526,13.199999999999998,11.947091,False
3Y9Gx5m31G,11.679145,15.041184,13.225,11.952232,False
3Y9Gx5m31G,11.870615,15.232655,13.004999999999999,11.970116,False
3Y9Gx5m31G,12.006068,15.368108,13.705000000000002,12.03393,False
3Y9Gx5m31G,12.08878,15.45082,13.26,11.955982,False
3Y9Gx5m31G,12.11684,15.47888,12.499999999999998,11.868602,False
3Y9Gx5m31G,12.091195,15.453235,12.829999999999998,11.910466,False
3Y9Gx5m31G,12.009672,15.371712,13.430000000000001,11.940339,False
3Y9Gx5m31G,11.861693,15.223733,13.330000000000002,11.887785,False
3Y9Gx5m31G,11.641856,15.003896,13.129999999999999,11.940213,False
3Y9Gx5m31G,11.35626,14.7183,13.140000000000002,11.970249,False
3Y9Gx5m31G,11.009594,14.371634,12.454999999999998,11.841909,False
3Y9Gx5m31G,10.607549,13.969588,12.145,11.750267,False
3Y9Gx5m31G,10.158334,13.520373,11.325000000000005,11.482055,False
3Y9Gx5m31G,9.674096,13.036136,10.910000000000002,11.269916,False
3Y9Gx5m31G,9.171393,12.533433,10.96,11.149025,False
3Y9Gx5m31G,8.670421,12.03246,10.38,10.695241,False
3Y9Gx5m31G,8.198623,11.560662,9.85,10.423015,False
3Y9Gx5m31G,7.7873707,11.14941,9.42,10.293316,False
3Y9Gx5m31G,7.4650755,10.827115,8.81,9.507584,False
3Y9Gx5m31G,6.766059,10.1280985,8.090000000000002,7.8944163,False
3Y9Gx5m31G,6.4169493,9.778989,8.540000000000001,8.834628,False
3Y9Gx5m31G,6.8445644,10.206604,9.110000000000001,9.221554,False
3Y9Gx5m31G,6.8360634,10.198103,9.61,9.920979,False
3Y9Gx5m31G,6.92428,10.28632,10.35,10.990381,True
3Y9Gx5m31G,7.0826006,10.44464,10.656969696969696,11.345871,True
3Y9Gx5m31G,5.7268343,9.088874,11.270909090909088,11.621275,True
3Y9Gx5m31G,5.6732473,9.035287,11.884848484848485,11.765668,True
3Y9Gx5m31G,5.3451176,8.707156,12.498787878787882,11.882686,True
3Y9Gx5m31G,-0.5083401,2.853699,2.860000000000001,11.965609,True
3Y9Gx5m31L,-0.7996089,1.2516116,1.9399999999999997,1.5532241,True
3Y9Gx5m31L,0.30732048,2.358541,1.23,1.5532241,False
3Y9Gx5m31L,1.3399298,3.3911502,1.710000000000001,1.5532241,False
3Y9Gx5m31L,1.0501804,3.1014009,1.5999999999999996,1.5532241,False
3Y9Gx5m31L,1.4208057,3.472026,1.1600000000000001,1.5532241,True
3Y9Gx5m31L,1.6650119,3.7162323,1.8100000000000003,1.5532241,False
3Y9Gx5m31L,1.755548,3.8067684,2.220000000000001,1.7660213,False
3Y9Gx5m31L,1.8339567,3.8851771,2.3200000000000003,2.0265615,False
3Y9Gx5m31L,1.9129343,3.9641547,2.59,2.1060863,False
3Y9Gx5m31L,2.0001376,4.051358,2.629999999999999,2.0014527,False
3Y9Gx5m31L,2.096752,4.147972,3.4899999999999998,2.9815133,False
3Y9Gx5m31L,2.1996012,4.2508216,4.1000000000000005,3.6060658,False
3Y9Gx5m31L,2.2997408,4.350961,4.02,3.551399,False
3Y9Gx5m31L,2.384547,4.435767,3.7800000000000002,3.3242583,False
3Y9Gx5m31L,2.444282,4.4955025,4.37,3.7701414,False
3Y9Gx5m31L,2.4742746,4.525495,4.039999999999999,3.8209007,False
3Y9Gx5m31L,2.474692,4.5259123,4.23,4.0521474,False
3Y9Gx5m31L,2.4499855,4.501206,4.1800000000000015,3.982023,False
3Y9Gx5m31L,2.4060538,4.4572744,3.67,3.575681,False
3Y9Gx5m31L,2.347224,4.398444,3.35,3.4132063,False
3Y9Gx5m31L,2.2723954,4.323616,3.2300000000000004,3.267654,False
3Y9Gx5m31L,2.1775365,4.228757,3.1999999999999993,3.352893,False
3Y9Gx5m31L,2.0544524,4.105673,3.42,3.5386183,False
3Y9Gx5m31L,1.8958249,3.9470453,3.58,3.5643556,False
3Y9Gx5m31L,1.7015626,3.752783,3.5599999999999996,3.4602246,False
3Y9Gx5m31L,1.4731889,3.5244093,2.76,2.6910965,False
3Y9Gx5m31L,1.2187517,3.269972,2.290000000000001,2.2221556,False
3Y9Gx5m31L,0.95357263,3.0047932,1.4500000000000008,1.6168749,False
3Y9Gx5m31L,0.69616294,2.7473834,1.14,1.4998572,False
3Y9Gx5m31L,0.46651268,2.517733,1.6500000000000001,1.9284632,False
3Y9Gx5m31L,0.2823677,2.3335881,0.5400000000000006,0.85152614,False
3Y9Gx5m31L,0.15421176,2.2054322,0.4550000000000011,0.6726818,False
3Y9Gx5m31L,0.09115827,2.1423788,0.8650000000000001,0.7434971,False
3Y9Gx5m31L,0.096849084,2.1480694,0.9149999999999997,0.7913063,False
3Y9Gx5m31L,0.16604388,2.2172642,0.7249999999999993,0.7630729,False
3Y9Gx5m31L,0.2921368,2.343357,1.435,0.96938413,False
3Y9Gx5m31L,0.46295452,2.514175,1.1649999999999998,0.76341385,False
3Y9Gx5m31L,0.6626198,2.7138402,1.925,1.4420171,False
3Y9Gx5m31L,0.8762219,2.9274423,2.1750000000000003,1.6039158,False
3Y9Gx5m31L,1.0916872,3.1429076,2.0450000000000004,1.4741575,False
3Y9Gx5m31L,1.3058715,3.357092,3.305,2.6520956,False
3Y9Gx5m31L,1.5192325,3.570453,3.0400000000000014,2.429489,False
3Y9Gx5m31L,1.7349553,3.7861757,2.28,1.9259977,False
3Y9Gx5m31L,1.959532,4.0107527,2.6600000000000006,2.1876771,False
3Y9Gx5m31L,2.198081,4.2493014,3.0700000000000007,2.6876304,False
3Y9Gx5m31L,2.450626,4.5018463,3.6400000000000006,3.604685,False
3Y9Gx5m31L,2.710386,4.761606,3.5300000000000002,3.3712924,False
3Y9Gx5m31L,2.965508,5.0167284,4.250000000000001,3.6503427,False
3Y9Gx5m31L,3.2020576,5.253278,5.130000000000002,4.35912,False
3Y9Gx5m31L,3.4059298,5.4571505,5.090000000000002,4.43813,False
3Y9Gx5m31L,3.506235,5.557455,4.9,4.3420224,False
3Y9Gx5m31L,3.2926528,5.343873,5.29,4.5135484,False
3Y9Gx5m31L,2.4509609,4.502181,5.460000000000001,4.780687,True
3Y9Gx5m31L,2.7468567,4.798077,5.050000000000001,4.67775,True
3Y9Gx5m31L,1.7765539,3.8277743,4.92,4.5459657,True
3Y9Gx5m31L,1.7114351,3.7626555,4.865454545454544,4.496328,True
3Y9Gx5m31L,1.420708,3.4719284,4.756363636363635,4.5187287,True
3Y9Gx5m31L,1.6886353,3.7398558,4.6472727272727266,4.477877,True
3Y9Gx5m31L,1.4128294,3.4640498,4.538181818181816,4.35925,True
3Y9Gx5m31L,-0.81529236,1.235928,1.23,4.278733,False
3Y9Gx5m31M,0.33298647,2.5040517,4.03,3.848787,True
3Y9Gx5m31M,1.1347208,3.3057861,3.8000000000000007,3.848787,True
3Y9Gx5m31M,2.3364062,4.5074716,4.300000000000001,3.848787,False
3Y9Gx5m31M,2.3183212,4.4893866,3.839999999999999,3.848787,False
3Y9Gx5m31M,2.5874176,4.758483,3.4899999999999998,3.848787,False
3Y9Gx5m31M,2.7160294,4.8870945,3.9400000000000004,3.848787,False
3Y9Gx5m31M,2.7379239,4.908989,4.199999999999999,4.4887443,False
3Y9Gx5m31M,2.7473907,4.918456,3.6999999999999993,4.048707,False
3Y9Gx5m31M,2.7136862,4.8847513,3.8799999999999994,3.7839468,False
3Y9Gx5m31M,2.6555727,4.826638,3.8700000000000006,4.1034527,False
3Y9Gx5m31M,2.5964956,4.767561,4.640000000000001,4.6424947,False
3Y9Gx5m31M,2.5485642,4.7196293,4.500000000000001,4.5995193,False
3Y9Gx5m31M,2.5161977,4.687263,4.3999999999999995,4.690214,False
3Y9Gx5m31M,2.4988763,4.669942,4.26,4.4183116,False
3Y9Gx5m31M,2.4922469,4.663312,4.140000000000001,4.5220704,False
3Y9Gx5m31M,2.4902925,4.661358,4.02,4.1906004,False
3Y9Gx5m31M,2.487923,4.658988,3.6400000000000006,3.7974014,False
3Y9Gx5m31M,2.4828534,4.6539187,3.8700000000000006,3.9579792,False
3Y9Gx5m31M,2.4767973,4.6478624,3.3799999999999994,3.5482435,False
3Y9Gx5m31M,2.4725912,4.6436567,3.109999999999999,3.12941,False
3Y9Gx5m31M,2.4754493,4.646515,2.9800000000000004,2.6608462,False
3Y9Gx5m31M,2.492295,4.6633606,3.1400000000000006,3.1157525,False
3Y9Gx5m31M,2.529938,4.701003,3.0900000000000007,2.8817167,False
3Y9Gx5m31M,2.5936935,4.764759,3.0599999999999996,2.8380451,False
3Y9Gx5m31M,2.6876404,4.8587055,3.51,3.2158797,False
3Y9Gx5m31M,2.8135312,4.9845963,3.539999999999999,3.6037397,False
3Y9Gx5m31M,2.9681263,5.1391916,3.839999999999999,3.8999934,False
3Y9Gx5m31M,3.144497,5.3155622,4.070000000000001,4.1629786,False
3Y9Gx5m31M,3.332543,5.503608,4.67,4.723871,False
3Y9Gx5m31M,3.519805,5.6908703,5.050000000000001,4.9189925,False
3Y9Gx5m31M,3.6918964,5.862962,5.19,5.047121,False
3Y9Gx5m31M,3.8344078,6.005473,5.475,5.076468,False
3Y9Gx5m31M,3.9354162,6.1064816,5.654999999999999,5.1413174,False
3Y9Gx5m31M,3.985663,6.1567283,5.714999999999998,5.1556463,False
3Y9Gx5m31M,3.980678,6.1517434,5.425,5.106831,False
3Y9Gx5m31M,3.92141,6.0924754,5.204999999999999,5.0360694,False
3Y9Gx5m31M,3.8149576,5.986023,4.925,4.904783,False
3Y9Gx5m31M,3.6735644,5.84463,4.6450000000000005,4.7613487,False
3Y9Gx5m31M,3.513513,5.6845784,4.3549999999999995,4.4972925,False
3Y9Gx5m31M,3.3540144,5.5250797,3.7849999999999997,4.1075583,False
3Y9Gx5m31M,3.215508,5.3865733,3.775000000000001,3.875634,False
3Y9Gx5m31M,3.118504,5.2895694,3.2199999999999993,3.5023165,False
3Y9Gx5m31M,3.0774393,5.2485046,2.930000000000001,3.0125437,True
3Y9Gx5m31M,3.100885,5.2719502,3.3999999999999995,3.0970635,False
3Y9Gx5m31M,3.1896172,5.3606825,3.6900000000000004,3.780138,False
3Y9Gx5m31M,3.3353305,5.506396,4.450000000000002,4.363245,False
3Y9Gx5m31M,3.5221653,5.6932306,4.730000000000001,4.752714,False
3Y9Gx5m31M,3.7270794,5.8981447,5.22,5.0644636,False
3Y9Gx5m31M,3.9209728,6.092038,5.459999999999999,5.103328,False
3Y9Gx5m31M,4.07313,6.2441955,6.64,5.242058,True
3Y9Gx5m31M,4.239555,6.41062,6.529999999999999,5.258047,True
3Y9Gx5m31M,4.030334,6.2013993,6.34,5.2546244,True
3Y9Gx5m31M,3.4658275,5.636893,6.190000000000001,5.2027273,True
3Y9Gx5m31M,3.4286013,5.5996666,5.209999999999999,5.1528134,False
3Y9Gx5m31M,3.09936,5.2704253,4.760000000000001,4.7834797,False
3Y9Gx5m31M,2.6759467,4.847012,4.267272727272726,4.6074295,False
3Y9Gx5m31M,2.650826,4.8218913,3.2818181818181817,4.1794953,False
3Y9Gx5m31M,2.646354,4.817419,2.2963636363636364,2.5018358,True
3Y9Gx5m31M,2.4488676,4.619933,1.3109090909090908,1.9507133,True
3Y9Gx5m31M,0.32075346,2.491819,3.8000000000000007,-0.21514021,True
3Y9Gx5m31Q,0.3113854,2.4133825,2.8199999999999994,2.96983,True
3Y9Gx5m31Q,1.0428702,3.1448674,3.01,2.96983,False
3Y9Gx5m31Q,1.1101893,3.2121863,3.12,2.96983,False
3Y9Gx5m31Q,1.5462118,3.648209,3.4600000000000004,2.96983,False
3Y9Gx5m31Q,1.9508017,4.0527987,3.5500000000000007,2.96983,False
3Y9Gx5m31Q,2.1326485,4.234646,3.7100000000000004,2.96983,False
3Y9Gx5m31Q,2.2764683,4.378465,3.8000000000000007,3.0701392,False
3Y9Gx5m31Q,2.4157486,4.517746,3.83,3.1629572,False
3Y9Gx5m31Q,2.5011263,4.603123,3.839999999999999,3.177119,False
3Y9Gx5m31Q,2.542026,4.644023,3.9400000000000004,3.246631,False
3Y9Gx5m31Q,2.555729,4.657726,4.06,3.249894,False
3Y9Gx5m31Q,2.5523014,4.654299,4.159999999999999,3.2723901,False
3Y9Gx5m31Q,2.5386424,4.64064,3.930000000000001,3.2417796,False
3Y9Gx5m31Q,2.5190363,4.6210337,3.7399999999999998,3.3211715,False
3Y9Gx5m31Q,2.4946198,4.5966167,3.7399999999999998,3.2438605,False
3Y9Gx5m31Q,2.4647236,4.566721,3.6400000000000006,3.1117394,False
3Y9Gx5m31Q,2.4284582,4.5304556,3.6299999999999994,3.0739682,False
3Y9Gx5m31Q,2.3851814,4.4871783,3.5300000000000002,3.0058527,False
3Y9Gx5m31Q,2.3350158,4.4370127,3.3799999999999994,2.9723954,False
3Y9Gx5m31Q,2.2787685,4.3807654,3.2300000000000004,2.9130883,False
3Y9Gx5m31Q,2.2176208,4.3196177,3.12,2.858066,False
3Y9Gx5m31Q,2.1535664,4.2555637,3.110000000000001,2.8069432,False
3Y9Gx5m31Q,2.0895286,4.1915255,3.000000000000001,2.7210433,False
3Y9Gx5m31Q,2.028904,4.130901,2.8999999999999995,2.6817021,False
3Y9Gx5m31Q,1.9751018,4.077099,2.7100000000000004,2.6051424,False
3Y9Gx5m31Q,1.930178,4.032175,2.79,2.6208925,False
3Y9Gx5m31Q,1.8947648,3.9967618,2.72,2.5204635,False
3Y9Gx5m31Q,1.8686284,3.9706254,2.76,2.5128615,False
3Y9Gx5m31Q,1.85002,3.9520173,2.860000000000001,2.5187364,False
3Y9Gx5m31Q,1.836492,3.938489,2.8900000000000006,2.508479,False
3Y9Gx5m31Q,1.8254079,3.9274049,3.0700000000000007,2.5811126,False
3Y9Gx5m31Q,1.8142327,3.9162297,2.895,2.538313,False
3Y9Gx5m31Q,1.8011996,3.9031968,2.915,2.6675463,False
3Y9Gx5m31Q,1.7847465,3.8867435,2.8749999999999996,2.6367238,False
3Y9Gx5m31Q,1.7639054,3.8659024,2.8799999999999994,2.61066,False
3Y9Gx5m31Q,1.7392789,3.8412762,2.750000000000001,2.5380023,False
3Y9Gx5m31Q,1.712663,3.81466,2.85,2.5973835,False
3Y9Gx5m31Q,1.6871375,3.7891345,2.72,2.4975867,False
3Y9Gx5m31Q,1.6672105,3.7692075,2.680000000000001,2.5086572,False
3Y9Gx5m31Q,1.6577402,3.7597375,2.6600000000000006,2.492089,False
3Y9Gx5m31Q,1.6633564,3.7653537,2.52,2.425646,False
3Y9Gx5m31Q,1.6880141,3.7900114,2.5549999999999997,2.445231,False
3Y9Gx5m31Q,1.73396,3.835957,2.595,2.4048443,False
3Y9Gx5m31Q,1.8017856,3.9037828,2.825,2.4391153,False
3Y9Gx5m31Q,1.8912209,3.993218,3.019999999999999,2.4277282,False
3Y9Gx5m31Q,2.0011487,4.103146,3.37,2.6038935,False
3Y9Gx5m31Q,2.1304688,4.232466,3.2800000000000002,2.6211498,False
3Y9Gx5m31Q,2.2776785,4.379676,3.4800000000000004,2.96644,False
3Y9Gx5m31Q,2.4397688,4.5417657,3.6299999999999994,2.984632,False
3Y9Gx5m31Q,2.613234,4.715231,3.749999999999999,3.0116704,False
3Y9Gx5m31Q,2.5797324,4.68173,4.06,3.1115685,False
3Y9Gx5m31Q,2.73344,4.835437,4.33,3.2486124,False
3Y9Gx5m31Q,2.7135592,4.815556,4.640000000000001,3.4159527,False
3Y9Gx5m31Q,1.9176222,4.0196195,4.72,3.548401,True
3Y9Gx5m31Q,1.8910679,3.9930649,4.820000000000001,3.802033,True
3Y9Gx5m31Q,1.8096112,3.9116082,4.896363636363635,3.8565497,True
3Y9Gx5m31Q,1.1023284,3.2043257,5.049090909090909,3.9166431,True
3Y9Gx5m31Q,1.1066896,3.2086868,5.201818181818181,3.886003,True
3Y9Gx5m31Q,0.9149785,3.0169756,5.354545454545454,3.9732153,True
3Y9Gx5m31Q,0.39120567,2.4932027,3.01,4.0672393,True
3Y9Gx5mK4H,1.3575993,2.290297,3.1499999999999995,3.9118953,True
3Y9Gx5mK4H,3.0000522,3.93275,3.44,3.9118953,False
3Y9Gx5mK4H,3.0366426,3.9693403,3.4600000000000004,3.9118953,False
3Y9Gx5mK4H,3.3196428,4.2523403,3.7700000000000014,3.9118953,False
3Y9Gx5mK4H,3.4966419,4.4293394,3.680000000000001,3.9118953,False
3Y9Gx5mK4H,3.6097953,4.542493,3.9299999999999993,3.9118953,False
3Y9Gx5mK4H,3.6686032,4.6013007,4.24,4.069161,False
3Y9Gx5mK4H,3.6759942,4.6086917,4.31,4.2635584,False
3Y9Gx5mK4H,3.6659582,4.5986557,4.3999999999999995,4.355929,False
3Y9Gx5mK4H,3.6601665,4.592864,4.03,4.0653553,False
3Y9Gx5mK4H,3.6744058,4.6071033,4.6000000000000005,4.334263,False
3Y9Gx5mK4H,3.717776,4.6504736,4.33,4.119078,False
3Y9Gx5mK4H,3.792589,4.7252865,4.390000000000001,4.2648554,False
3Y9Gx5mK4H,3.8971412,4.8298388,4.47,4.215776,False
3Y9Gx5mK4H,4.027095,4.959792,4.56,4.4681654,False
3Y9Gx5mK4H,4.1779966,5.110694,4.510000000000001,4.2977667,False
3Y9Gx5mK4H,4.3470855,5.279783,4.53,4.414755,False
3Y9Gx5mK4H,4.532822,5.4655194,4.860000000000001,4.732736,False
3Y9Gx5mK4H,4.7359743,5.6686716,5.000000000000001,5.048221,False
3Y9Gx5mK4H,4.958094,5.8907914,5.220000000000002,5.443418,False
3Y9Gx5mK4H,5.2005515,6.133249,5.24,5.6548514,False
3Y9Gx5mK4H,5.4633718,6.396069,5.59,6.068729,False
3Y9Gx5mK4H,5.7450185,6.677716,5.99,6.601392,False
3Y9Gx5mK4H,6.041802,6.974499,6.230000000000001,6.9889083,False
3Y9Gx5mK4H,6.3480873,7.2807846,6.659999999999999,7.300408,False
3Y9Gx5mK4H,6.656432,7.5891294,7.319999999999999,7.5665636,False
3Y9Gx5mK4H,6.956409,7.8891063,7.619999999999999,7.6520414,False
3Y9Gx5mK4H,7.2382336,8.170931,7.75,7.6783514,False
3Y9Gx5mK4H,7.491975,8.424672,8.120000000000001,7.7025614,False
3Y9Gx5mK4H,7.70986,8.642557,8.19,7.708828,False
3Y9Gx5mK4H,7.887004,8.819701,8.639999999999997,7.721749,False
3Y9Gx5mK4H,8.022077,8.954774,8.629999999999999,7.7260265,False
3Y9Gx5mK4H,8.114332,9.0470295,8.550000000000002,7.725296,False
3Y9Gx5mK4H,8.164688,9.097385,8.709999999999999,7.7249236,False
3Y9Gx5mK4H,8.173413,9.106111,8.52,7.7190413,False
3Y9Gx5mK4H,8.141796,9.074493,8.02,7.6833467,True
3Y9Gx5mK4H,8.071588,9.004285,8.28,7.678325,False
3Y9Gx5mK4H,7.96513,8.897827,8.489999999999998,7.693115,False
3Y9Gx5mK4H,7.8246775,8.757375,8.299999999999999,7.690512,False
3Y9Gx5mK4H,7.6537657,8.586463,8.07,7.6802073,False
3Y9Gx5mK4H,7.4557743,8.388472,7.769999999999998,7.6546955,False
3Y9Gx5mK4H,7.234019,8.166717,7.39,7.538071,False
3Y9Gx5mK4H,6.992517,7.9252143,7.330000000000001,7.397691,False
3Y9Gx5mK4H,6.735568,7.6682653,6.84,7.1227674,False
3Y9Gx5mK4H,6.4687037,7.401401,6.65,6.8583374,False
3Y9Gx5mK4H,6.1965275,7.129225,6.830000000000001,6.948875,False
3Y9Gx5mK4H,5.924073,6.8567705,6.470000000000001,6.8387566,False
3Y9Gx5mK4H,5.654387,6.5870843,6.089999999999997,6.357922,False
3Y9Gx5mK4H,5.391039,6.323736,5.84,6.0219564,False
3Y9Gx5mK4H,5.1346965,6.067394,5.79,5.74535,False
3Y9Gx5mK4H,5.006879,5.939576,5.33,4.8622856,False
3Y9Gx5mK4H,4.7350736,5.667771,5.38,4.9329987,False
3Y9Gx5mK4H,4.372732,5.3054295,5.070000000000001,4.6435933,False
3Y9Gx5mK4H,4.2706814,5.2033787,5.17,4.8210845,False
3Y9Gx5mK4H,4.9763017,5.908999,4.940000000000002,4.507753,True
3Y9Gx5mK4H,4.5038013,5.4364986,4.755151515151513,4.5223126,False
3Y9Gx5mK4H,4.4754796,5.408177,4.385454545454544,4.0540733,True
3Y9Gx5mK4H,4.41749,5.3501873,4.015757575757575,3.8720007,True
3Y9Gx5mK4H,4.2564216,5.189119,3.6460606060606042,3.7443578,True
3Y9Gx5mK4H,1.4345578,2.3672554,3.44,3.6975486,True
3Y9Gx5mK4J,5.4339023,7.3801026,6.970000000000001,9.048461,False
3Y9Gx5mK4J,5.8626184,7.808819,6.64,9.048461,False
3Y9Gx5mK4J,7.002337,8.948538,8.010000000000002,9.048461,False
3Y9Gx5mK4J,7.162351,9.108552,9.61,9.048461,True
3Y9Gx5mK4J,7.581207,9.527408,8.909999999999998,9.048461,False
3Y9Gx5mK4J,7.7975116,9.743712,8.919999999999996,9.048461,False
3Y9Gx5mK4J,7.8867774,9.832978,9.42,8.958649,False
3Y9Gx5mK4J,7.7347093,9.68091,8.89,9.461871,False
3Y9Gx5mK4J,7.5108657,9.457067,8.830000000000002,8.59623,False
3Y9Gx5mK4J,7.2550874,9.201288,8.34,7.410773,False
3Y9Gx5mK4J,6.9980254,8.944226,8.72,8.597182,False
3Y9Gx5mK4J,6.7601852,8.706386,9.33,9.209553,True
3Y9Gx5mK4J,6.55764,8.50384,7.950000000000003,7.1911573,False
3Y9Gx5mK4J,6.4042435,8.350444,6.470000000000001,6.2989163,False
3Y9Gx5mK4J,6.3106885,8.256889,6.659999999999999,5.7539296,False
3Y9Gx5mK4J,6.2793293,8.22553,6.449999999999998,5.7234807,False
3Y9Gx5mK4J,6.3080335,8.254234,5.9,6.450935,True
3Y9Gx5mK4J,6.3993926,8.345593,6.870000000000001,6.4789467,False
3Y9Gx5mK4J,6.556254,8.502455,7.100000000000001,6.775236,False
3Y9Gx5mK4J,6.783454,8.729654,7.59,7.2343493,False
3Y9Gx5mK4J,7.0854163,9.031617,7.500000000000002,6.9667306,False
3Y9Gx5mK4J,7.46421,9.410411,7.9399999999999995,8.055853,False
3Y9Gx5mK4J,7.9152246,9.861425,8.540000000000001,8.292269,False
3Y9Gx5mK4J,8.425916,10.372117,8.91,8.930858,False
3Y9Gx5mK4J,8.979358,10.925559,9.63,9.901023,False
3Y9Gx5mK4J,9.554135,11.500337,10.22,10.410829,False
3Y9Gx5mK4J,10.126361,12.072562,10.990000000000002,11.083763,False
3Y9Gx5mK4J,10.671541,12.617743,11.500000000000002,11.27843,False
3Y9Gx5mK4J,11.168577,13.1147785,11.999999999999998,11.464874,False
3Y9Gx5mK4J,11.600152,13.546353,12.27,11.5107,False
3Y9Gx5mK4J,11.956119,13.90232,13.099999999999998,11.6126995,False
3Y9Gx5mK4J,12.229985,14.176187,13.050000000000002,11.605527,False
3Y9Gx5mK4J,12.419784,14.365985,13.04,11.617282,False
3Y9Gx5mK4J,12.5256605,14.471862,13.289999999999997,11.614464,False
3Y9Gx5mK4J,12.546563,14.492764,13.014999999999997,11.618187,False
3Y9Gx5mK4J,12.479943,14.426145,12.865000000000004,11.602266,False
3Y9Gx5mK4J,12.325131,14.271333,13.215,11.612696,False
3Y9Gx5mK4J,12.081841,14.028043,12.715,11.595256,False
3Y9Gx5mK4J,11.753652,13.699853,12.545,11.571846,False
3Y9Gx5mK4J,11.346151,13.292353,12.124999999999998,11.476478,False
3Y9Gx5mK4J,10.867167,12.813369,11.685,11.437832,False
3Y9Gx5mK4J,10.3263035,12.272505,10.795,10.682239,False
3Y9Gx5mK4J,9.738672,11.684874,10.435,10.298043,False
3Y9Gx5mK4J,9.125137,11.071339,9.835,9.495177,False
3Y9Gx5mK4J,8.513564,10.459765,9.45,9.120552,False
3Y9Gx5mK4J,7.9371696,9.88337,8.82,7.6720386,False
3Y9Gx5mK4J,7.4280324,9.374233,7.740000000000001,6.658948,False
3Y9Gx5mK4J,7.0131617,8.959362,7.550000000000002,6.5378222,False
3Y9Gx5mK4J,6.7067347,8.652935,6.960000000000001,6.223741,False
3Y9Gx5mK4J,6.5137324,8.459933,7.130000000000001,6.717969,False
3Y9Gx5mK4J,6.5983763,8.544577,7.360000000000002,6.577227,False
3Y9Gx5mK4J,6.648884,8.595084,8.17,7.6201887,False
3Y9Gx5mK4J,6.810352,8.756553,8.24,7.662578,False
3Y9Gx5mK4J,6.822027,8.768228,8.299999999999999,8.385639,False
3Y9Gx5mK4J,6.9579253,8.904126,8.310000000000002,7.936523,False
3Y9Gx5mK4J,6.821635,8.767836,8.553939393939393,8.806317,False
3Y9Gx5mK4J,6.6212783,8.567479,9.041818181818178,9.38987,True
3Y9Gx5mK4J,6.6002965,8.546497,9.529696969696968,9.919366,True
3Y9Gx5mK4J,6.434679,8.380879,10.017575757575756,10.406885,True
3Y9Gx5mK4J,5.708008,7.654208,6.64,10.764415,False
3Y9Gx5mK4M,0.39400172,4.9806137,3.109999999999999,3.4074047,False
3Y9Gx5mK4M,0.31191802,4.89853,3.35,3.4074047,False
3Y9Gx5mK4M,0.23971725,4.826329,3.2100000000000004,3.4074047,False
3Y9Gx5mK4M,1.3615506,5.948163,3.339999999999999,3.4074047,False
3Y9Gx5mK4M,1.5299866,6.116599,3.3000000000000003,3.4074047,False
3Y9Gx5mK4M,1.6282322,6.2148447,3.5300000000000002,3.4074047,False
3Y9Gx5mK4M,1.669209,6.255821,3.83,3.6208494,False
3Y9Gx5mK4M,1.6817124,6.268325,3.7399999999999998,3.6031883,False
3Y9Gx5mK4M,1.7210734,6.307686,4.0299999999999985,3.7398937,False
3Y9Gx5mK4M,1.7980206,6.384633,4.109999999999999,4.00668,False
3Y9Gx5mK4M,1.9099944,6.496607,4.500000000000001,4.3237576,False
3Y9Gx5mK4M,2.049267,6.6358795,4.42,4.248071,False
3Y9Gx5mK4M,2.204304,6.7909164,4.590000000000002,4.6344004,False
3Y9Gx5mK4M,2.3651912,6.951803,4.730000000000001,4.662146,False
3Y9Gx5mK4M,2.5244668,7.111079,4.88,4.878954,False
3Y9Gx5mK4M,2.6787589,7.2653713,4.65,4.482483,False
3Y9Gx5mK4M,2.827381,7.413993,4.630000000000002,4.615508,False
3Y9Gx5mK4M,2.97418,7.560792,5.02,4.791513,False
3Y9Gx5mK4M,3.1255944,7.712207,5.08,4.7733693,False
3Y9Gx5mK4M,3.2883217,7.874934,5.17,4.813305,False
3Y9Gx5mK4M,3.4698431,8.056456,5.139999999999999,5.0059824,False
3Y9Gx5mK4M,3.6752927,8.261905,5.389999999999999,5.3282576,False
3Y9Gx5mK4M,3.9079382,8.494551,5.759999999999999,5.4218326,False
3Y9Gx5mK4M,4.1672697,8.753882,5.83,5.488523,False
3Y9Gx5mK4M,4.446788,9.0334,6.170000000000001,5.7696185,False
3Y9Gx5mK4M,4.7371626,9.323774,6.730000000000001,6.2050066,False
3Y9Gx5mK4M,5.027334,9.613947,7.029999999999999,6.4394298,False
3Y9Gx5mK4M,5.3036127,9.890225,7.39,6.66178,False
3Y9Gx5mK4M,5.553673,10.1402855,7.7,6.969861,False
3Y9Gx5mK4M,5.765398,10.352011,7.719999999999999,7.0533633,False
3Y9Gx5mK4M,5.927971,10.514584,8.129999999999999,7.2923565,False
3Y9Gx5mK4M,6.0346794,10.621292,8.129999999999999,7.5653195,False
3Y9Gx5mK4M,6.08082,10.667433,8.100000000000001,7.5284867,False
3Y9Gx5mK4M,6.0653133,10.651926,8.280000000000001,7.7061205,False
3Y9Gx5mK4M,5.992158,10.578771,8.045,7.7259994,False
3Y9Gx5mK4M,5.8663626,10.452975,7.624999999999999,7.367604,False
3Y9Gx5mK4M,5.694875,10.281487,7.534999999999998,7.237593,False
3Y9Gx5mK4M,5.4856434,10.072255,7.105,6.792907,False
3Y9Gx5mK4M,5.2472687,9.833881,6.9449999999999985,6.2791157,False
3Y9Gx5mK4M,4.989498,9.576111,6.815,6.1891313,False
3Y9Gx5mK4M,4.7226744,9.309286,6.5249999999999995,6.1139455,False
3Y9Gx5mK4M,4.45654,9.043153,5.995,5.6632514,False
3Y9Gx5mK4M,4.1976614,8.784273,5.905,5.348365,False
3Y9Gx5mK4M,3.9481184,8.534731,5.505000000000001,4.956351,False
3Y9Gx5mK4M,3.7004106,8.287023,5.29,4.6960974,False
3Y9Gx5mK4M,3.441415,8.028028,5.440000000000003,4.498193,False
3Y9Gx5mK4M,3.1509788,7.737591,5.410000000000001,4.8735566,False
3Y9Gx5mK4M,2.8095696,7.396182,5.54,5.1183643,False
3Y9Gx5mK4M,2.3986256,6.985238,4.99,5.040955,False
3Y9Gx5mK4M,1.9047949,6.4914074,4.910000000000001,4.9164233,False
3Y9Gx5mK4M,1.5094643,6.0960765,3.9,4.2172785,False
3Y9Gx5mK4M,0.92455745,5.5111694,3.429999999999999,3.4233394,False
3Y9Gx5mK4M,0.54035664,5.126969,2.4100000000000006,1.8680853,False
3Y9Gx5mK4M,0.85920143,5.4458137,1.470000000000001,1.2664498,False
3Y9Gx5mK4M,1.139921,5.726533,0.7800000000000006,0.96684533,True
3Y9Gx5mK4M,1.509639,6.0962515,0.07636363636363397,0.67119044,True
3Y9Gx5mK4M,1.9942791,6.5808916,-1.330909090909095,0.5138147,True
3Y9Gx5mK4M,2.1264236,6.7130356,-2.738181818181821,0.3158105,True
3Y9Gx5mK4M,1.7655265,6.3521385,-4.145454545454549,0.21707293,True
3Y9Gx5mK4M,0.4447453,5.031358,3.35,0.18197568,False
3Y9Gx5mK4P,-1.8698598,2.7075088,2.04,2.9255311,False
3Y9Gx5mK4P,-0.6750214,3.9023473,2.84,2.9255311,False
3Y9Gx5mK4P,-0.34711015,4.2302585,2.51,2.9255311,False
3Y9Gx5mK4P,0.40305877,4.9804277,2.9699999999999993,2.9255311,False
3Y9Gx5mK4P,0.9849913,5.56236,3.85,2.9255311,False
3Y9Gx5mK4P,1.261039,5.8384075,4.000000000000001,2.9255311,False
3Y9Gx5mK4P,1.5546334,6.132002,4.3199999999999985,3.4961588,False
3Y9Gx5mK4P,1.776712,6.3540807,4.409999999999999,3.871144,False
3Y9Gx5mK4P,1.8971696,6.4745383,4.090000000000001,4.171091,False
3Y9Gx5mK4P,1.9184313,6.4958,4.340000000000002,4.3213854,False
3Y9Gx5mK4P,1.8572111,6.43458,4.47,4.389567,False
3Y9Gx5mK4P,1.7248173,6.302186,4.140000000000001,4.392091,False
3Y9Gx5mK4P,1.5358465,6.1132154,3.8599999999999994,4.242178,False
3Y9Gx5mK4P,1.3098142,5.887183,3.360000000000001,3.7436635,False
3Y9Gx5mK4P,1.0702128,5.6475816,2.6400000000000006,2.958739,False
3Y9Gx5mK4P,0.8408971,5.418266,2.4100000000000006,1.6756237,False
3Y9Gx5mK4P,0.64361787,5.2209864,2.44,0.9668811,False
3Y9Gx5mK4P,0.49649668,5.0738654,2.13,1.7639996,False
3Y9Gx5mK4P,0.40945482,4.9868236,2.1999999999999997,1.8893524,False
3Y9Gx5mK4P,0.38432574,4.9616947,2.62,1.7516986,False
3Y9Gx5mK4P,0.41779852,4.9951673,2.59,1.6654737,False
3Y9Gx5mK4P,0.5008664,5.078235,2.610000000000001,2.188421,False
3Y9Gx5mK4P,0.62150097,5.1988697,2.8400000000000007,2.0355384,False
3Y9Gx5mK4P,0.76325965,5.3406286,3.270000000000001,2.2391245,False
3Y9Gx5mK4P,0.9099519,5.487321,2.92,2.5928762,False
3Y9Gx5mK4P,1.0454745,5.6228433,3.539999999999999,2.808639,False
3Y9Gx5mK4P,1.1530013,5.73037,3.6900000000000004,2.9860284,False
3Y9Gx5mK4P,1.219938,5.797307,3.7399999999999998,3.0409176,False
3Y9Gx5mK4P,1.2383382,5.815707,3.83,3.5636468,False
3Y9Gx5mK4P,1.2072866,5.7846556,3.080000000000002,3.672571,False
3Y9Gx5mK4P,1.1307037,5.7080727,3.1600000000000006,3.6697538,False
3Y9Gx5mK4P,1.0187366,5.5961056,2.715,2.7097478,False
3Y9Gx5mK4P,0.88458395,5.4619527,2.3749999999999996,2.7879283,False
3Y9Gx5mK4P,0.74235725,5.319726,2.2550000000000003,2.1219683,False
3Y9Gx5mK4P,0.60383964,5.1812086,2.5000000000000004,2.0957036,False
3Y9Gx5mK4P,0.47924447,5.056613,2.1100000000000008,2.166963,False
3Y9Gx5mK4P,0.37768197,4.9550505,2.2500000000000004,1.5776758,False
3Y9Gx5mK4P,0.30553985,4.882909,2.0999999999999996,1.8587265,False
3Y9Gx5mK4P,0.26921034,4.846579,2.0000000000000004,1.5926584,False
3Y9Gx5mK4P,0.27477813,4.852147,2.1100000000000008,1.4616764,False
3Y9Gx5mK4P,0.3273778,4.9047465,2.06,1.4542692,False
3Y9Gx5mK4P,0.4307847,5.0081534,2.345,1.5281149,False
3Y9Gx5mK4P,0.58827424,5.1656427,2.635,1.6287204,False
3Y9Gx5mK4P,0.80144286,5.378812,2.6750000000000003,1.92047,False
3Y9Gx5mK4P,1.071542,5.6489105,3.000000000000001,2.4280314,False
3Y9Gx5mK4P,1.39941,5.976779,3.3000000000000003,2.4171617,False
3Y9Gx5mK4P,1.7850509,6.3624196,3.3099999999999996,2.565397,False
3Y9Gx5mK4P,2.2261753,6.803544,4.050000000000001,3.1890602,False
3Y9Gx5mK4P,2.7167764,7.294145,4.709999999999999,3.5270267,False
3Y9Gx5mK4P,3.2486844,7.826053,4.94,3.8883572,False
3Y9Gx5mK4P,3.2791495,7.8565183,5.609999999999999,4.631838,False
3Y9Gx5mK4P,3.3408089,7.9181776,6.0299999999999985,5.0817556,False
3Y9Gx5mK4P,3.1356792,7.713048,6.65,5.393473,False
3Y9Gx5mK4P,2.7376227,7.3149915,7.2700000000000005,6.1198235,False
3Y9Gx5mK4P,2.1538715,6.7312403,7.619999999999999,6.129351,True
3Y9Gx5mK4P,1.3081741,5.885543,7.802424242424242,6.4941363,True
3Y9Gx5mK4P,-0.27643466,4.300934,8.167272727272726,6.8868117,True
3Y9Gx5mK4P,-0.56323946,4.014129,8.532121212121211,7.1137056,True
3Y9Gx5mK4P,-0.9475895,3.6297793,8.896969696969697,7.221884,True
3Y9Gx5mK4P,-1.701455,2.8759136,2.84,7.596322,False
3Y9Gx5mb7F,-0.038524866,2.082789,0.8699999999999997,2.6197615,False
3Y9Gx5mb7F,0.7575482,2.878862,0.98,2.6197615,False
3Y9Gx5mb7F,1.6725413,3.7938552,1.9299999999999997,2.6197615,False
3Y9Gx5mb7F,2.2653542,4.386668,2.86,2.6197615,False
3Y9Gx5mb7F,2.750451,4.871765,2.94,2.6197615,False
3Y9Gx5mb7F,2.962006,5.08332,3.8700000000000006,2.6197615,False
3Y9Gx5mb7F,3.2930584,5.4143724,4.299999999999999,3.2201564,False
3Y9Gx5mb7F,3.4933515,5.6146655,4.81,3.884359,False
3Y9Gx5mb7F,3.6345692,5.755883,5.04,4.6507006,False
3Y9Gx5mb7F,3.7724,5.893714,4.839999999999999,4.810151,False
3Y9Gx5mb7F,3.9223895,6.0437036,5.95,6.049766,False
3Y9Gx5mb7F,4.1036696,6.2249837,5.360000000000002,5.2670374,False
3Y9Gx5mb7F,4.335354,6.456668,6.3100000000000005,6.5648727,False
3Y9Gx5mb7F,4.6268816,6.7481956,6.069999999999999,6.4030952,False
3Y9Gx5mb7F,4.9808393,7.1021533,5.349999999999999,5.7026205,False
3Y9Gx5mb7F,5.3822317,7.5035458,5.950000000000002,5.790712,False
3Y9Gx5mb7F,5.821722,7.943036,7.030000000000001,6.621578,False
3Y9Gx5mb7F,6.287329,8.408643,8.180000000000001,7.9939756,False
3Y9Gx5mb7F,6.7621484,8.883462,7.330000000000001,7.89818,False
3Y9Gx5mb7F,7.226608,9.347921,8.299999999999999,9.221052,False
3Y9Gx5mb7F,7.6644645,9.785778,8.79,8.844797,False
3Y9Gx5mb7F,8.068215,10.189528,10.11,9.261362,False
3Y9Gx5mb7F,8.423399,10.544712,9.09,9.453835,False
3Y9Gx5mb7F,8.720327,10.84164,9.61,9.824313,False
3Y9Gx5mb7F,8.951741,11.073054,10.92,10.000386,False
3Y9Gx5mb7F,9.123665,11.244978,10.73,9.706005,False
3Y9Gx5mb7F,9.238778,11.360091,10.37,10.08964,False
3Y9Gx5mb7F,9.2996645,11.420978,9.68,9.870869,False
3Y9Gx5mb7F,9.313,11.434313,10.680000000000003,9.850865,False
3Y9Gx5mb7F,9.284162,11.405475,10.55,9.810652,False
3Y9Gx5mb7F,9.219941,11.341254,9.86,9.784821,False
3Y9Gx5mb7F,9.120405,11.241718,9.815,9.798476,False
3Y9Gx5mb7F,8.986177,11.107491,10.205000000000002,9.653815,False
3Y9Gx5mb7F,8.818523,10.9398365,10.505,9.758094,False
3Y9Gx5mb7F,8.618105,10.739418,10.26,9.884542,False
3Y9Gx5mb7F,8.387877,10.509191,9.38,9.696317,False
3Y9Gx5mb7F,8.13141,10.252723,9.23,9.431054,False
3Y9Gx5mb7F,7.8553367,9.97665,9.0,9.084442,False
3Y9Gx5mb7F,7.568444,9.689757,8.959999999999997,9.023784,False
3Y9Gx5mb7F,7.2796836,9.400997,8.850000000000001,9.058361,False
3Y9Gx5mb7F,7.000566,9.12188,8.63,8.888021,False
3Y9Gx5mb7F,6.7433023,8.864616,8.174999999999999,8.579613,False
3Y9Gx5mb7F,6.519048,8.640362,7.785000000000001,8.194214,False
3Y9Gx5mb7F,6.336369,8.457683,7.274999999999998,7.762838,False
3Y9Gx5mb7F,6.200643,8.321957,7.489999999999998,7.70673,False
3Y9Gx5mb7F,6.1127896,8.234103,7.630000000000001,7.661888,False
3Y9Gx5mb7F,6.0706463,8.19196,7.66,7.825995,False
3Y9Gx5mb7F,6.068201,8.189515,7.970000000000001,8.174648,False
3Y9Gx5mb7F,6.0987988,8.220113,7.93,8.066273,False
3Y9Gx5mb7F,6.1555724,8.276886,8.040000000000001,8.231227,False
3Y9Gx5mb7F,5.918693,8.040007,8.09,8.284548,True
3Y9Gx5mb7F,5.760806,7.88212,8.09,8.225912,True
3Y9Gx5mb7F,5.664741,7.786055,8.24,8.395865,True
3Y9Gx5mb7F,5.7347703,7.8560843,8.18,8.345783,True
3Y9Gx5mb7F,5.5351844,7.6564984,8.350000000000001,8.490782,True
3Y9Gx5mb7F,5.488961,7.6102753,8.402424242424244,8.530668,True
3Y9Gx5mb7F,5.199106,7.3204203,8.507272727272726,8.623084,True
3Y9Gx5mb7F,4.7229247,6.8442388,8.612121212121213,8.783869,True
3Y9Gx5mb7F,4.419367,6.540681,8.716969696969697,8.834013,True
3Y9Gx5mb7F,0.26574695,2.3870606,0.98,8.96225,False
3Y9Gx5mb7K,0.24597156,2.865335,5.000000000000001,4.041626,True
3Y9Gx5mb7K,2.4185557,5.037919,5.4300000000000015,4.041626,True
3Y9Gx5mb7K,3.332206,5.9515696,5.19,4.041626,False
3Y9Gx5mb7K,3.0160954,5.635459,4.390000000000001,4.041626,False
3Y9Gx5mb7K,3.2054794,5.8248425,4.480000000000001,4.041626,False
3Y9Gx5mb7K,3.4150188,6.034382,4.53,4.041626,False
3Y9Gx5mb7K,3.3740275,5.993391,4.150000000000002,3.664359,False
3Y9Gx5mb7K,3.2199728,5.8393364,4.130000000000002,3.5704336,False
3Y9Gx5mb7K,3.0325534,5.6519165,3.6200000000000006,3.54045,False
3Y9Gx5mb7K,2.8571537,5.4765167,2.79,3.1863518,True
3Y9Gx5mb7K,2.7288892,5.3482523,4.01,3.4841223,False
3Y9Gx5mb7K,2.666377,5.2857404,4.01,3.7160816,False
3Y9Gx5mb7K,2.6726058,5.2919693,3.730000000000001,3.4399211,False
3Y9Gx5mb7K,2.7387812,5.3581448,4.979999999999999,4.3945575,False
3Y9Gx5mb7K,2.8454568,5.46482,5.31,5.6620226,False
3Y9Gx5mb7K,2.9735687,5.5929317,5.31,5.7606616,False
3Y9Gx5mb7K,3.1069314,5.7262945,5.460000000000001,5.38451,False
3Y9Gx5mb7K,3.231815,5.851178,5.4799999999999995,5.759079,False
3Y9Gx5mb7K,3.3433497,5.9627132,5.339999999999999,5.530343,False
3Y9Gx5mb7K,3.4437778,6.063141,5.130000000000002,5.204937,False
3Y9Gx5mb7K,3.5405076,6.159871,4.960000000000001,4.911418,False
3Y9Gx5mb7K,3.6424,6.2617636,4.870000000000001,4.6723943,False
3Y9Gx5mb7K,3.7581913,6.377555,5.300000000000001,5.284681,False
3Y9Gx5mb7K,3.8955042,6.514868,5.02,5.0887775,False
3Y9Gx5mb7K,4.058629,6.677993,5.050000000000001,5.08095,False
3Y9Gx5mb7K,4.2493296,6.8686934,5.79,5.7796655,False
3Y9Gx5mb7K,4.4633417,7.0827045,5.95,6.2429094,False
3Y9Gx5mb7K,4.6909723,7.310335,6.52,6.6070743,False
3Y9Gx5mb7K,4.917327,7.5366907,6.939999999999999,6.796467,False
3Y9Gx5mb7K,5.125108,7.7444715,6.720000000000001,6.7962413,False
3Y9Gx5mb7K,5.2990465,7.9184093,7.1400000000000015,6.8985586,False
3Y9Gx5mb7K,5.425169,8.044533,7.16,6.926078,False
3Y9Gx5mb7K,5.4903307,8.109694,7.3,7.0339427,False
3Y9Gx5mb7K,5.4846754,8.104039,8.02,7.186874,False
3Y9Gx5mb7K,5.403843,8.023206,7.674999999999998,7.152415,False
3Y9Gx5mb7K,5.252124,7.8714867,6.275000000000001,6.54434,False
3Y9Gx5mb7K,5.0358057,7.6551685,5.495,5.7361946,False
3Y9Gx5mb7K,4.7594757,7.3788385,6.355000000000002,6.277905,False
3Y9Gx5mb7K,4.4322586,7.0516224,5.585000000000002,5.648244,False
3Y9Gx5mb7K,4.066677,6.68604,5.315000000000001,5.2842503,False
3Y9Gx5mb7K,3.6777098,6.2970734,4.884999999999999,4.595629,False
3Y9Gx5mb7K,3.27719,5.896553,4.455000000000001,4.201517,False
3Y9Gx5mb7K,2.8800008,5.499364,4.1450000000000005,3.570096,False
3Y9Gx5mb7K,2.49792,5.1172833,3.195,3.1964552,False
3Y9Gx5mb7K,2.138739,4.7581024,2.9800000000000004,3.0639682,False
3Y9Gx5mb7K,1.8062255,4.4255886,2.84,2.9171102,False
3Y9Gx5mb7K,1.5011744,4.1205378,3.5400000000000014,3.3353086,False
3Y9Gx5mb7K,1.2263346,3.8456979,2.3100000000000005,2.91697,False
3Y9Gx5mb7K,0.98155165,3.600915,2.6699999999999995,3.1214557,False
3Y9Gx5mb7K,0.7660315,3.3853948,2.92,3.1849115,False
3Y9Gx5mb7K,0.65140486,3.2707682,2.46,2.6075966,False
3Y9Gx5mb7K,0.16614532,2.7855086,2.229999999999999,2.9139,False
3Y9Gx5mb7K,-0.20904493,2.4103184,0.8599999999999995,1.3308371,False
3Y9Gx5mb7K,1.1930022,3.8123655,1.7300000000000002,1.4292172,False
3Y9Gx5mb7K,1.982971,4.602334,1.72,1.348001,True
3Y9Gx5mb7K,2.2714174,4.8907804,1.7036363636363638,1.6075636,True
3Y9Gx5mb7K,2.6238184,5.2431817,1.6709090909090911,2.2193506,True
3Y9Gx5mb7K,3.362119,5.9814825,1.6381818181818186,1.6688344,True
3Y9Gx5mb7K,2.869097,5.4884605,1.6054545454545461,1.727316,True
3Y9Gx5mb7K,0.19354606,2.8129094,5.4300000000000015,1.6708505,True
3Y9Gx5mb7N,-2.173265,-0.14924276,0.11000000000000036,0.083339304,True
3Y9Gx5mb7N,-1.5437753,0.48024672,-0.1299999999999996,0.083339304,False
3Y9Gx5mb7N,-0.5826205,1.4414016,-0.6499999999999999,0.083339304,True
3Y9Gx5mb7N,-0.7404626,1.2835596,-0.2799999999999994,0.083339304,False
3Y9Gx5mb7N,-0.551811,1.4722111,-0.2600000000000002,0.083339304,False
3Y9Gx5mb7N,-0.5533687,1.4706534,0.2199999999999997,0.083339304,False
3Y9Gx5mb7N,-0.55453205,1.46949,0.45999999999999963,0.7453687,False
3Y9Gx5mb7N,-0.54456306,1.479459,0.43000000000000027,0.54184216,False
3Y9Gx5mb7N,-0.5687407,1.4552814,0.4500000000000005,0.634933,False
3Y9Gx5mb7N,-0.6214425,1.4025795,0.5000000000000001,0.6576414,False
3Y9Gx5mb7N,-0.69458485,1.3294373,0.8300000000000002,0.9315449,False
3Y9Gx5mb7N,-0.7817667,1.2422554,0.8400000000000003,0.9235714,False
3Y9Gx5mb7N,-0.8740127,1.1500094,1.06,1.1620061,False
3Y9Gx5mb7N,-0.96146816,1.062554,0.36000000000000043,0.49199167,False
3Y9Gx5mb7N,-1.0295222,0.9944999,0.1700000000000001,0.31195122,False
3Y9Gx5mb7N,-1.0629478,0.96107435,-0.42000000000000015,0.11801326,False
3Y9Gx5mb7N,-1.0467639,0.9772582,-0.33000000000000007,-0.07425511,False
3Y9Gx5mb7N,-0.97091097,1.0531111,0.030000000000000377,0.036575437,False
3Y9Gx5mb7N,-0.8285672,1.1954548,0.10000000000000023,0.049676813,False
3Y9Gx5mb7N,-0.6169776,1.4070445,0.6000000000000003,0.6989076,False
3Y9Gx5mb7N,-0.3383451,1.685677,0.1899999999999993,0.39991727,False
3Y9Gx5mb7N,0.00407207,2.0280943,0.6099999999999994,0.69766444,False
3Y9Gx5mb7N,0.40148234,2.4255044,1.13,1.3189402,False
3Y9Gx5mb7N,0.84158754,2.8656096,1.5799999999999994,1.5506504,False
3Y9Gx5mb7N,1.3071811,3.3312032,2.1999999999999997,2.487295,False
3Y9Gx5mb7N,1.7782702,3.8022923,2.8900000000000006,3.3934612,False
3Y9Gx5mb7N,2.235909,4.259931,3.360000000000001,3.8629982,False
3Y9Gx5mb7N,2.6629615,4.6869836,3.4600000000000004,3.936565,False
3Y9Gx5mb7N,3.0446644,5.0686865,4.080000000000002,4.2265153,False
3Y9Gx5mb7N,3.3682756,5.3922977,4.02,4.1203184,False
3Y9Gx5mb7N,3.6256323,5.6496544,4.78,4.357824,False
3Y9Gx5mb7N,3.80903,5.833052,4.785,4.3614316,False
3Y9Gx5mb7N,3.9175963,5.9416184,4.775000000000001,4.351382,False
3Y9Gx5mb7N,3.9550447,5.979067,4.955000000000001,4.3896155,False
3Y9Gx5mb7N,3.9300203,5.9540424,4.875,4.338485,False
3Y9Gx5mb7N,3.853991,5.878013,4.695,4.317515,False
3Y9Gx5mb7N,3.7398643,5.7638865,4.635000000000002,4.3033886,False
3Y9Gx5mb7N,3.5990648,5.623087,4.3950000000000005,4.195377,False
3Y9Gx5mb7N,3.4421997,5.466222,4.015,4.0065403,False
3Y9Gx5mb7N,3.2775974,5.3016195,3.994999999999999,3.9892607,False
3Y9Gx5mb7N,3.111699,5.135721,4.1049999999999995,4.002791,False
3Y9Gx5mb7N,2.94824,4.9722624,3.92,3.9072428,False
3Y9Gx5mb7N,2.7894006,4.8134227,4.08,4.0744915,False
3Y9Gx5mb7N,2.6375167,4.661539,3.7600000000000002,3.8542855,False
3Y9Gx5mb7N,2.498088,4.52211,3.519999999999999,3.603601,False
3Y9Gx5mb7N,2.3776667,4.4016886,3.250000000000001,3.3247402,False
3Y9Gx5mb7N,2.2846708,4.308693,3.1400000000000006,2.9787118,False
3Y9Gx5mb7N,2.227235,4.251257,3.3900000000000006,3.3283093,False
3Y9Gx5mb7N,2.2127445,4.236767,3.3000000000000003,3.2724273,False
3Y9Gx5mb7N,2.2489066,4.2729287,3.109999999999999,3.195082,False
3Y9Gx5mb7N,2.2691576,4.2931795,3.0900000000000007,3.1542354,False
3Y9Gx5mb7N,2.4193683,4.4433904,3.17,3.0975738,False
3Y9Gx5mb7N,1.9646771,3.9886992,3.4800000000000004,3.5314548,False
3Y9Gx5mb7N,2.2338657,4.257888,3.9400000000000004,4.014778,False
3Y9Gx5mb7N,2.169608,4.19363,4.22,4.193324,True
3Y9Gx5mb7N,1.8582537,3.8822758,4.481212121212121,4.302709,True
3Y9Gx5mb7N,1.9768255,4.000848,5.003636363636364,4.391797,True
3Y9Gx5mb7N,1.98701,4.011032,5.526060606060607,4.4306874,True
3Y9Gx5mb7N,1.7029364,3.7269585,6.048484848484851,4.451909,True
3Y9Gx5mb7N,-2.1749043,-0.15088236,-0.1299999999999996,4.4602785,True
3Y9Gx5mb7Q,0.16081905,1.5245618,1.8200000000000003,1.8357115,True
3Y9Gx5mb7Q,0.62995523,1.9936979,2.1499999999999995,1.8357115,True
3Y9Gx5mb7Q,1.4974651,2.861208,1.8499999999999996,1.8357115,False
3Y9Gx5mb7Q,1.9867492,3.350492,2.13,1.8357115,False
3Y9Gx5mb7Q,2.2413406,3.6050835,1.8400000000000005,1.8357115,True
3Y9Gx5mb7Q,2.5662198,3.9299626,1.9800000000000002,1.8357115,True
3Y9Gx5mb7Q,2.7071977,4.0709405,3.12,2.8391647,False
3Y9Gx5mb7Q,2.8831608,4.2469034,3.9699999999999998,4.1307297,False
3Y9Gx5mb7Q,3.0433517,4.4070945,4.270000000000001,4.377003,False
3Y9Gx5mb7Q,3.1974983,4.561241,4.389999999999999,4.445147,False
3Y9Gx5mb7Q,3.3435283,4.707271,4.890000000000001,4.816885,True
3Y9Gx5mb7Q,3.4763813,4.840124,4.699999999999999,4.672222,False
3Y9Gx5mb7Q,3.5897732,4.953516,5.02,4.7776003,True
3Y9Gx5mb7Q,3.6773534,5.041096,5.299999999999999,4.8830495,True
3Y9Gx5mb7Q,3.7331939,5.0969367,5.320000000000001,4.956876,True
3Y9Gx5mb7Q,3.756556,5.120299,5.49,5.008266,True
3Y9Gx5mb7Q,3.746966,5.1107087,5.609999999999999,5.0316877,True
3Y9Gx5mb7Q,3.705697,5.06944,4.500000000000001,4.685219,False
3Y9Gx5mb7Q,3.6412659,5.0050087,4.130000000000002,3.9342191,False
3Y9Gx5mb7Q,3.5608306,4.9245734,4.620000000000001,4.215153,False
3Y9Gx5mb7Q,3.4730692,4.836812,4.13,4.1225305,False
3Y9Gx5mb7Q,3.3900557,4.7537985,4.270000000000001,4.2236476,False
3Y9Gx5mb7Q,3.3213186,4.6850615,3.8599999999999994,3.7765696,False
3Y9Gx5mb7Q,3.2737792,4.6375217,3.500000000000001,3.2760623,False
3Y9Gx5mb7Q,3.252323,4.6160655,3.65,3.380597,False
3Y9Gx5mb7Q,3.2562063,4.619949,3.7600000000000002,3.4693942,False
3Y9Gx5mb7Q,3.2841787,4.6479216,3.5599999999999996,3.4431813,False
3Y9Gx5mb7Q,3.3355212,4.699264,4.130000000000002,3.889269,False
3Y9Gx5mb7Q,3.4070463,4.770789,4.33,4.299067,False
3Y9Gx5mb7Q,3.4974508,4.8611937,4.19,4.236266,False
3Y9Gx5mb7Q,3.6058292,4.969572,4.359999999999999,4.2830424,False
3Y9Gx5mb7Q,3.729168,5.092911,4.1499999999999995,4.125248,False
3Y9Gx5mb7Q,3.8643575,5.2281003,4.199999999999999,4.1128006,False
3Y9Gx5mb7Q,4.0064054,5.370148,4.69,4.5052958,False
3Y9Gx5mb7Q,4.1477633,5.511506,5.095000000000001,4.812781,False
3Y9Gx5mb7Q,4.2803583,5.644101,5.344999999999999,4.9327607,False
3Y9Gx5mb7Q,4.3949795,5.7587223,5.505000000000001,4.9704337,False
3Y9Gx5mb7Q,4.481482,5.845225,5.404999999999999,4.9748006,False
3Y9Gx5mb7Q,4.5295134,5.893256,5.5649999999999995,5.0277658,False
3Y9Gx5mb7Q,4.5307217,5.8944645,5.445,5.022737,False
3Y9Gx5mb7Q,4.478805,5.842548,5.425,5.0414762,False
3Y9Gx5mb7Q,4.3738375,5.7375803,5.245,4.965542,False
3Y9Gx5mb7Q,4.2203093,5.584052,5.515,5.0387115,False
3Y9Gx5mb7Q,4.0286922,5.392435,4.794999999999999,4.81697,False
3Y9Gx5mb7Q,3.815899,5.1796417,4.26,4.2325816,False
3Y9Gx5mb7Q,3.600843,4.964586,3.839999999999999,3.6026127,False
3Y9Gx5mb7Q,3.402514,4.766257,3.35,2.9949706,True
3Y9Gx5mb7Q,3.2373238,4.6010666,3.17,2.8761303,True
3Y9Gx5mb7Q,3.1181483,4.481891,2.9699999999999993,2.7905836,True
3Y9Gx5mb7Q,3.05026,4.414003,3.500000000000001,3.0527427,False
3Y9Gx5mb7Q,2.9626868,4.3264294,3.5300000000000002,3.310653,False
3Y9Gx5mb7Q,2.6898324,4.053575,3.8599999999999994,3.620992,False
3Y9Gx5mb7Q,2.9449599,4.3087025,3.609999999999999,3.694213,False
3Y9Gx5mb7Q,3.1948664,4.558609,4.159999999999999,4.1460032,False
3Y9Gx5mb7Q,3.1402295,4.503972,4.199999999999999,4.1818767,False
3Y9Gx5mb7Q,3.1804867,4.5442295,4.27030303030303,4.294458,False
3Y9Gx5mb7Q,3.3341632,4.697906,4.4109090909090884,4.324372,False
3Y9Gx5mb7Q,3.387816,4.751559,4.55151515151515,4.4887543,False
3Y9Gx5mb7Q,2.9499264,4.313669,4.692121212121211,4.5936785,True
3Y9Gx5mb7Q,0.22436696,1.5881097,2.1499999999999995,4.6771803,True
3Y9Gx5mb7R,-0.762101,2.1300147,3.3000000000000003,3.3592257,True
3Y9Gx5mb7R,1.0148475,3.906963,3.42,3.3592257,False
3Y9Gx5mb7R,1.7527971,4.6449127,3.3099999999999996,3.3592257,False
3Y9Gx5mb7R,1.7594683,4.6515837,3.42,3.3592257,False
3Y9Gx5mb7R,2.290725,5.1828403,3.35,3.3592257,False
3Y9Gx5mb7R,2.4231398,5.315255,3.5300000000000002,3.3592257,False
3Y9Gx5mb7R,2.519921,5.412037,4.330000000000002,4.4070086,False
3Y9Gx5mb7R,2.6461864,5.538302,3.8700000000000006,3.9569538,False
3Y9Gx5mb7R,2.726591,5.6187067,3.9799999999999986,3.8877814,False
3Y9Gx5mb7R,2.7791634,5.671279,4.26,4.205153,False
3Y9Gx5mb7R,2.8093243,5.70144,4.93,5.020558,False
3Y9Gx5mb7R,2.8160563,5.708172,4.94,4.9751086,False
3Y9Gx5mb7R,2.7963424,5.688458,4.68,4.7559557,False
3Y9Gx5mb7R,2.747034,5.6391497,4.77,4.7919726,False
3Y9Gx5mb7R,2.6680403,5.560156,4.620000000000001,4.7938595,False
3Y9Gx5mb7R,2.564468,5.4565835,4.44,4.6593237,False
3Y9Gx5mb7R,2.4456086,5.337724,3.6999999999999993,3.6832366,False
3Y9Gx5mb7R,2.3236473,5.215763,3.65,3.6021426,False
3Y9Gx5mb7R,2.2120395,5.104155,3.3999999999999995,3.4235516,False
3Y9Gx5mb7R,2.1242507,5.016366,3.2200000000000015,3.3796952,False
3Y9Gx5mb7R,2.0700214,4.962137,2.930000000000001,2.7163358,False
3Y9Gx5mb7R,2.0581477,4.950263,3.1,2.9406924,False
3Y9Gx5mb7R,2.0918467,4.983962,3.289999999999999,3.2186732,False
3Y9Gx5mb7R,2.171189,5.063305,3.360000000000001,3.2795513,False
3Y9Gx5mb7R,2.2919948,5.1841106,3.5500000000000007,3.310688,False
3Y9Gx5mb7R,2.445277,5.337393,3.6,3.4134915,False
3Y9Gx5mb7R,2.6166177,5.5087333,3.5599999999999996,3.3882987,False
3Y9Gx5mb7R,2.7904902,5.6826057,4.250000000000001,4.3031282,False
3Y9Gx5mb7R,2.9478655,5.839981,4.0299999999999985,4.1258354,False
3Y9Gx5mb7R,3.0708165,5.962932,5.090000000000002,5.0239043,False
3Y9Gx5mb7R,3.147325,6.0394406,5.19,5.0407114,False
3Y9Gx5mb7R,3.171277,6.0633926,4.800000000000001,4.915358,False
3Y9Gx5mb7R,3.1435118,6.0356274,4.42,4.3649077,False
3Y9Gx5mb7R,3.0710607,5.9631763,4.130000000000002,4.2893414,False
3Y9Gx5mb7R,2.9638796,5.855995,3.8450000000000006,4.0646257,False
3Y9Gx5mb7R,2.8350306,5.727146,3.6150000000000007,3.7521362,False
3Y9Gx5mb7R,2.6993785,5.591494,3.9950000000000014,4.1946263,False
3Y9Gx5mb7R,2.570559,5.4626746,3.794999999999999,3.9928653,False
3Y9Gx5mb7R,2.4635453,5.355661,4.1850000000000005,4.321723,False
3Y9Gx5mb7R,2.3929646,5.28508,3.225000000000001,2.8351192,False
3Y9Gx5mb7R,2.370556,5.2626715,2.915,2.5427856,False
3Y9Gx5mb7R,2.4017155,5.293831,3.0249999999999986,2.6203759,False
3Y9Gx5mb7R,2.4856584,5.3777742,3.625,4.028413,False
3Y9Gx5mb7R,2.614861,5.5069766,4.125,4.3860087,False
3Y9Gx5mb7R,2.7795172,5.671633,4.3500000000000005,4.4078326,False
3Y9Gx5mb7R,2.9693546,5.86147,4.69,4.674531,False
3Y9Gx5mb7R,3.174653,6.0667686,4.670000000000003,4.717129,False
3Y9Gx5mb7R,3.3876429,6.2797585,4.92,4.944587,False
3Y9Gx5mb7R,3.6038904,6.496006,4.870000000000001,4.91824,False
3Y9Gx5mb7R,3.821854,6.7139697,4.979999999999999,5.0061636,False
3Y9Gx5mb7R,3.8588643,6.75098,5.230000000000001,5.114768,False
3Y9Gx5mb7R,4.0768666,6.968982,5.69,5.281727,False
3Y9Gx5mb7R,3.5650535,6.457169,5.730000000000001,5.2882295,False
3Y9Gx5mb7R,3.2623844,6.1545,5.83,5.299516,False
3Y9Gx5mb7R,2.6873193,5.579435,6.0600000000000005,5.339538,True
3Y9Gx5mb7R,2.3586097,5.2507253,6.233939393939393,5.3744736,True
3Y9Gx5mb7R,1.5386672,4.430783,6.581818181818182,5.4032807,True
3Y9Gx5mb7R,1.6890218,4.5811377,6.92969696969697,5.4241104,True
3Y9Gx5mb7R,1.278667,4.1707826,7.2775757575757565,5.437279,True
3Y9Gx5mb7R,-0.727082,2.1650336,3.42,5.4449644,True
3Y9Gx5mb7S,-1.0330575,-0.039985448,0.8099999999999999,1.1047827,True
3Y9Gx5mb7S,0.43487307,1.427945,0.9,1.1047827,False
3Y9Gx5mb7S,0.7106912,1.7037632,1.9100000000000004,1.1047827,True
3Y9Gx5mb7S,0.55317533,1.5462474,0.6999999999999995,1.1047827,False
3Y9Gx5mb7S,0.858143,1.851215,0.6600000000000001,1.1047827,True
3Y9Gx5mb7S,1.0798175,2.0728896,1.540000000000001,1.1047827,False
3Y9Gx5mb7S,1.1481895,2.1412616,1.71,1.4539149,False
3Y9Gx5mb7S,1.3000207,2.2930927,1.9399999999999997,1.5604743,False
3Y9Gx5mb7S,1.442025,2.435097,2.0500000000000003,2.1115718,False
3Y9Gx5mb7S,1.5845149,2.577587,2.44,2.8650115,False
3Y9Gx5mb7S,1.7287717,2.7218437,3.019999999999999,3.2119212,True
3Y9Gx5mb7S,1.8712313,2.8643034,3.339999999999999,3.382855,True
3Y9Gx5mb7S,2.0010228,2.9940948,2.6699999999999995,2.923614,False
3Y9Gx5mb7S,2.1120331,3.1051052,3.7800000000000002,3.609614,True
3Y9Gx5mb7S,2.1963573,3.1894293,3.8599999999999994,3.455646,True
3Y9Gx5mb7S,2.2461913,3.2392633,3.360000000000001,3.397495,True
3Y9Gx5mb7S,2.2602084,3.2532804,3.2499999999999987,3.338708,False
3Y9Gx5mb7S,2.2415001,3.2345722,3.0700000000000007,3.249199,False
3Y9Gx5mb7S,2.1962852,3.1893573,2.750000000000001,2.8174999,False
3Y9Gx5mb7S,2.1309874,3.1240594,2.5800000000000005,2.5730836,False
3Y9Gx5mb7S,2.0534263,3.0464983,2.5799999999999996,2.6145427,False
3Y9Gx5mb7S,1.974129,2.967201,2.7,2.7198339,False
3Y9Gx5mb7S,1.9024734,2.8955455,2.39,2.3121934,False
3Y9Gx5mb7S,1.8461785,2.8392506,2.12,2.1502464,False
3Y9Gx5mb7S,1.8114314,2.8045034,1.9100000000000004,1.7477685,False
3Y9Gx5mb7S,1.803643,2.796715,2.170000000000001,2.1053295,False
3Y9Gx5mb7S,1.8248641,2.8179362,2.5600000000000005,2.476579,False
3Y9Gx5mb7S,1.8712242,2.8642962,2.3100000000000005,2.2460577,False
3Y9Gx5mb7S,1.9394252,2.9324973,2.620000000000001,2.9417982,False
3Y9Gx5mb7S,2.0255747,3.0186467,2.85,3.0388305,False
3Y9Gx5mb7S,2.1233356,3.1164076,2.8099999999999996,3.0625706,False
3Y9Gx5mb7S,2.2232773,3.2163494,2.735,2.9622989,False
3Y9Gx5mb7S,2.3153296,3.3084016,3.0050000000000003,3.2263403,False
3Y9Gx5mb7S,2.3921278,3.3851998,3.455000000000001,3.3990514,True
3Y9Gx5mb7S,2.446163,3.439235,3.65,3.4478133,True
3Y9Gx5mb7S,2.4706886,3.4637606,3.3299999999999996,3.353972,False
3Y9Gx5mb7S,2.4635394,3.4566114,3.0500000000000003,3.290496,False
3Y9Gx5mb7S,2.4267123,3.4197843,3.17,3.297775,False
3Y9Gx5mb7S,2.3635218,3.3565938,3.1400000000000006,3.136788,False
3Y9Gx5mb7S,2.276517,3.269589,2.680000000000001,2.6983387,False
3Y9Gx5mb7S,2.1732159,3.166288,2.9600000000000004,3.126712,False
3Y9Gx5mb7S,2.0616636,3.0547357,2.845,2.8688474,False
3Y9Gx5mb7S,1.9497447,2.9428167,2.495000000000001,2.6203318,False
3Y9Gx5mb7S,1.8451653,2.8382373,2.4250000000000003,2.493773,False
3Y9Gx5mb7S,1.752789,2.745861,2.0199999999999996,1.9192853,False
3Y9Gx5mb7S,1.6766064,2.6696784,2.3100000000000005,2.3341362,False
3Y9Gx5mb7S,1.6150951,2.6081672,2.22,1.9187222,False
3Y9Gx5mb7S,1.5651984,2.5582705,2.54,2.7397432,False
3Y9Gx5mb7S,1.5224168,2.5154889,2.559999999999999,2.586108,True
3Y9Gx5mb7S,1.4830061,2.476078,2.59,2.9124656,True
3Y9Gx5mb7S,1.32062,2.3136919,2.22,2.2628741,False
3Y9Gx5mb7S,1.3550178,2.3480897,2.12,2.2931964,False
3Y9Gx5mb7S,1.1690861,2.162158,1.9800000000000002,1.8027312,False
3Y9Gx5mb7S,1.5131581,2.50623,2.220000000000001,2.1963685,False
3Y9Gx5mb7S,1.6615102,2.6545823,2.28,2.1132786,False
3Y9Gx5mb7S,1.4129115,2.4059834,2.1763636363636345,2.2297304,False
3Y9Gx5mb7S,1.420912,2.413984,1.9690909090909074,1.8924944,False
3Y9Gx5mb7S,1.2705064,2.2635784,1.761818181818181,1.6269745,False
3Y9Gx5mb7S,1.4020138,2.3950858,1.5545454545454527,1.2610482,False
3Y9Gx5mb7S,-0.9840698,0.009002179,0.9,1.07104,True
